{"calibration_id": "calib_1753731024", "reference_value": 69983.06140350878, "max_value": 142267.0, "timestamp": 1753731024.375402, "wavelength_range": [901.0198689728451, 1701.024048103215], "num_points": 228, "calibration_type": "reference_scan"}