{"calibration_id": "calib_1753738508", "reference_value": 54606.28070175439, "max_value": 118683.0, "timestamp": 1753738508.5037975, "wavelength_range": [901.0198689728451, 1701.024048103215], "num_points": 228, "calibration_type": "reference_scan"}