{"calibration_id": "calib_1753731078", "reference_value": 63564.96929824561, "max_value": 132913.0, "timestamp": 1753731078.1493578, "wavelength_range": [901.0198689728451, 1701.024048103215], "num_points": 228, "calibration_type": "reference_scan"}