{"calibration_id": "calib_1753738542", "reference_value": 60737.35964912281, "max_value": 124319.0, "timestamp": 1753738542.7583218, "wavelength_range": [901.0198689728451, 1701.024048103215], "num_points": 228, "calibration_type": "reference_scan"}