{"calibration_id": "calib_1757098012", "reference_value": 524.7061403508771, "max_value": 946.0, "timestamp": 1757098012.7522929, "wavelength_range": [901.0198689728451, 1701.024048103215], "num_points": 228, "calibration_type": "reference_scan"}